{
  "weights": "runs/train/yolov8n_25_band_input_experiment/weights/best.pt",
  "band_labels": [
    "886",
    "896",
    "877",
    "867",
    "951",
    "793",
    "806",
    "782",
    "769",
    "675",
    "743",
    "757",
    "730",
    "715",
    "690",
    "926",
    "933",
    "918",
    "910",
    "946",
    "846",
    "857",
    "836",
    "824",
    "941"
  ],
  "importance_raw": [
    6.424060821533203,
    6.948550224304199,
    6.609135150909424,
    6.367800712585449,
    6.26908540725708,
    6.302987098693848,
    6.164174556732178,
    6.590909004211426,
    7.287433624267578,
    7.21821403503418,
    5.721132278442383,
    7.090802192687988,
    5.81987190246582,
    6.963317394256592,
    7.349586486816406,
    7.78579568862915,
    6.525853157043457,
    5.310469627380371,
    5.932741165161133,
    6.692711353302002,
    6.334419250488281,
    6.870383262634277,
    8.922260284423828,
    8.153026580810547,
    5.897191047668457
  ],
  "importance_frac": [
    0.038340721279382706,
    0.041471030563116074,
    0.03944529965519905,
    0.03800494223833084,
    0.03741578012704849,
    0.03761811554431915,
    0.03678964078426361,
    0.03933652117848396,
    0.04349358752369881,
    0.043080464005470276,
    0.034145429730415344,
    0.04232003167271614,
    0.03473474085330963,
    0.041559163480997086,
    0.04386453330516815,
    0.04646795988082886,
    0.03894824534654617,
    0.031694475561380386,
    0.0354083776473999,
    0.039944104850292206,
    0.0378057137131691,
    0.04100450500845909,
    0.05325072258710861,
    0.04865970462560654,
    0.035196203738451004
  ],
  "rank_desc_indices": [
    22,
    23,
    15,
    14,
    8,
    9,
    11,
    13,
    1,
    21,
    19,
    2,
    7,
    16,
    0,
    3,
    20,
    5,
    4,
    6,
    18,
    24,
    12,
    10,
    17
  ]
}